{"cameraMode":{"drawMode":0,"name":"Shaded","section":"Shading Mode"},"sceneLighting":true,"audioPlay":false,"sceneViewState":{"m_AlwaysRefresh":false,"showFog":true,"showSkybox":true,"showFlares":true,"showImageEffects":true,"showParticleSystems":true,"showVisualEffectGraphs":true,"m_FxEnabled":true},"in2DMode":false,"pivot":{"x":-0.0417807511985302,"y":-1.2263717651367188,"z":-8.478774070739746},"rotation":{"x":0.28199175000190737,"y":-0.49571019411087038,"z":0.17412719130516053,"w":0.8028021454811096},"size":5.5099992752075199,"orthographic":false}